title,subtitle
Grandiosa Pizza,575g Stabburet
Kjøttkaker,m/Ertestuing 605g Fjordland
Tagliatelle m/Egg,glutenfri 250g Semper
Lasagne Gul,500g Barilla
Pasta Girandole,500g Barilla
Meksikansk Gryte,glutenfri 183g Toro
Fusilli,500g Barilla
Pasta Sedani,glutenfri Økol 300g Semper
Kjøttsuppe,350g Fjordland
Farfalle,500g Barilla
Fusilli med Havre,Gl.Fri 300g Semper
Spaghetti Fullkorn,1kg Barilla
Fiskesuppe,350g Fjordland
Middagskaker,565g Fjordland
Big One Pizza,Cheese 530g
Svinestek,m/Surkål 580g Fjordland
Pasta,m/Kjøttsaus 350g Fjordland
Spagetti Linguine,Gl.Fri Økologisk 300g Semper
Linguine Al Bronzo,400g Barilla
Biff Stroganoff,460g Fjordland
Grandiosa Pizza,Delux Pepperoni 455g
Grandiosa Pizza,Tynn Bunn Spekeskinke 315g
Grandiosa Pizza,Delux Kylling 455g
Grandiosa Pizza,Delux Kjøttdeig Bacon&Skinke 465g
Big One Pizza,Bbq Chicken 560g
Sweet & Sour,460g Fjordland
Betasuppe Brimis,350g Fjordland
Hvetetortilla,6stk 300g Como Mexico
Pasta,m/Ost&Skinkesaus 350g Fjordland
Grandiosa Pizza,Tynn Bunn Norsk Mozzarella 340g
Big One Pizza,Meat Lover 555g
Grandiosa Pizza,Kjøttdeig&Løk 520g Stabburet
Spaghetti,glutenfri 400g Barilla
Grandiosa Pizza,glutenfri 590g
Fusilli,glutenfri 400g Barilla
Spaghetti,1kg Barilla
Grandiosa Pizza,4 Oster 505g
Big One Pizza,Pepperoni 590g
Grandiosa Pizza,Delux Skinke&Mozzarella 450g
Grandiosa Pizza,Pepperoni 500g Stabburet
Big One Pizza,American Classic 570g
Leverpostei,glutenfri 100g Stabburet
Tagliatelle,500g Barilla
Grandiosa Pizza,Hj.Laget m/Kjøttdeig 1kg
Bali Kyllinggryte,glutenfri 70g Toro
Leverpostei,glutenfri 6x22g Stabburet
Tortellini,Ost&Skinke 250g Barilla
Risgrøt,Laktosefri 400g Fjordland
Blomkålsuppe,glutenfri 51g Toro
Tomatsuppe,glutenfri 73g Toro
Makaroni,glutenfri 500g Semper
Lasagne glutenfri,300g Toro
Lapskaus Lys,Ca2kg Matbørsen
Lapskaus Brun,Ca2kg Matbørsen
Penne Rigate,500g Barilla
Bavette,500g Barilla
